,bankroll,hand_value,num_hits,strategy,won_hand
0,99950,12,0,basic,False
1,99900,19,0,basic,False
2,99900,17,1,basic,False
3,99900,18,0,basic,False
4,99900,18,0,basic,False
5,99950,17,0,basic,False
6,99850,12,1,basic,False
7,99800,19,1,basic,False
8,99850,19,2,basic,True
9,99750,14,1,basic,False
10,99750,18,0,basic,False
11,99700,14,0,basic,False
12,99650,17,1,basic,False
13,99750,19,0,basic,True
14,99700,18,2,basic,False
15,99750,21,2,basic,True
16,99850,17,2,basic,False
17,99900,20,1,basic,True
18,100000,19,0,basic,True
19,100100,20,0,basic,True
20,100050,13,1,basic,False
21,100000,18,0,basic,False
22,99950,14,1,basic,False
23,100000,20,1,basic,True
24,100000,19,1,basic,False
25,99950,13,2,basic,False
26,100000,19,1,basic,True
27,100000,19,1,basic,False
28,99900,20,1,basic,False
29,99950,21,1,basic,True
30,99900,18,1,basic,False
31,99850,17,0,basic,False
32,99750,19,1,basic,False
33,99600,19,1,basic,False
34,99600,12,0,basic,False
35,99600,17,2,basic,False
36,99650,16,1,basic,False
37,99650,20,0,basic,True
38,99700,20,0,basic,True
39,99700,20,0,basic,True
40,99800,21,1,basic,True
41,99850,20,0,basic,True
42,99850,21,1,basic,False
43,99750,17,1,basic,False
44,99750,17,1,basic,False
45,99750,18,1,basic,False
46,99650,12,1,basic,False
47,99650,19,0,basic,False
48,99700,19,1,basic,False
49,99700,18,1,basic,True
50,99550,18,1,basic,False
51,99600,20,0,basic,True
52,99600,21,2,basic,True
53,99700,21,1,basic,True
54,99650,16,0,basic,False
55,99600,18,0,basic,False
56,99650,18,1,basic,False
57,99550,16,0,basic,False
58,99500,16,1,basic,False
59,99400,18,1,basic,False
60,99550,21,0,basic,True
61,99600,19,0,basic,True
62,99550,18,0,basic,False
63,99700,19,1,basic,True
64,99700,21,0,basic,False
65,99600,19,0,basic,False
66,99550,19,0,basic,False
67,99450,14,1,basic,False
68,99500,21,0,basic,True
69,99450,14,0,basic,False
70,99350,20,0,basic,False
71,99300,18,2,basic,False
72,99250,19,2,basic,False
73,99200,15,0,basic,False
74,99200,20,1,basic,False
75,99300,19,0,basic,True
76,99450,21,0,basic,True
77,99350,17,2,basic,False
78,99200,16,1,basic,False
79,99200,19,0,basic,False
80,99150,18,0,basic,False
81,99250,19,0,basic,True
82,99300,20,0,basic,True
83,99350,19,1,basic,True
84,99300,18,0,basic,False
85,99350,21,0,basic,True
86,99400,17,0,basic,False
87,99400,17,1,basic,False
88,99350,17,1,basic,False
89,99300,14,0,basic,False
90,99200,18,1,basic,False
91,99200,19,0,basic,False
92,99250,20,1,basic,True
93,99200,16,0,basic,False
94,99250,20,0,basic,True
95,99150,14,1,basic,False
96,99150,20,2,basic,False
97,99050,20,0,basic,False
98,98950,17,1,basic,False
99,99050,19,0,basic,True
100,99100,18,0,basic,True
101,99100,17,0,basic,False
102,99050,16,0,basic,False
103,99000,17,2,basic,False
104,98950,14,0,basic,False
105,98950,17,0,basic,False
106,98950,19,0,basic,False
107,98900,19,0,basic,False
108,98900,20,4,basic,False
109,98850,21,1,basic,True
110,99100,20,0,basic,True
111,99100,17,1,basic,False
112,99100,19,1,basic,True
113,99000,20,0,basic,False
114,98900,19,1,basic,False
115,98850,17,0,basic,False
116,98950,20,0,basic,True
117,99000,21,1,basic,True
118,99050,19,1,basic,True
119,99150,20,0,basic,True
120,99200,21,0,basic,True
121,99200,19,1,basic,False
122,99100,19,0,basic,False
123,99250,21,0,basic,True
124,99200,13,0,basic,False
125,99300,20,1,basic,True
126,99300,18,2,basic,False
127,99300,21,1,basic,False
128,99300,18,1,basic,False
129,99250,18,2,basic,False
130,99200,17,1,basic,False
131,99100,20,1,basic,False
132,99050,18,0,basic,False
133,99000,19,1,basic,False
134,98950,14,0,basic,False
135,98900,17,0,basic,False
136,98850,16,0,basic,False
137,98800,18,1,basic,False
138,98800,18,1,basic,True
139,98900,19,1,basic,True
140,98850,17,0,basic,False
141,98850,17,1,basic,False
142,98800,20,0,basic,False
143,98750,13,0,basic,False
144,98700,19,1,basic,False
145,98600,17,1,basic,False
146,98650,19,1,basic,True
147,98700,21,1,basic,True
148,98650,18,0,basic,False
149,98700,19,0,basic,False
150,98750,20,1,basic,True
151,98700,18,0,basic,False
152,98750,20,0,basic,True
153,98700,17,1,basic,False
154,98800,20,1,basic,True
155,98900,20,0,basic,True
156,98850,14,0,basic,False
157,98800,13,0,basic,False
158,98850,20,0,basic,False
159,98950,21,1,basic,True
160,98950,17,0,basic,False
161,99050,21,0,basic,True
162,99050,18,0,basic,False
163,99100,21,1,basic,True
164,99200,18,0,basic,False
165,99350,21,1,basic,True
166,99350,18,2,basic,False
167,99300,12,0,basic,False
168,99300,14,0,basic,False
169,99250,14,1,basic,False
170,99200,16,0,basic,False
171,99250,20,1,basic,True
172,99200,12,0,basic,False
173,99100,18,0,basic,False
174,99150,20,1,basic,True
175,99100,17,2,basic,False
176,99100,20,0,basic,True
177,99050,18,1,basic,False
178,99050,17,0,basic,False
179,99100,20,0,basic,True
180,99150,21,0,basic,True
181,99200,17,1,basic,False
182,99300,18,1,basic,False
183,99400,20,0,basic,True
184,99400,20,1,basic,False
185,99250,20,2,basic,False
186,99200,19,2,basic,False
187,99150,20,0,basic,True
188,99050,19,0,basic,False
189,99100,20,0,basic,True
190,99100,16,0,basic,False
191,99150,21,1,basic,True
192,99050,18,1,basic,False
193,99100,20,2,basic,True
194,99250,21,1,basic,True
195,99100,19,1,basic,True
196,99150,20,0,basic,True
197,99250,20,1,basic,True
198,99450,20,0,basic,True
199,99550,20,1,basic,True
200,99550,17,0,basic,False
201,99550,14,1,basic,False
202,99500,20,0,basic,False
203,99550,20,0,basic,True
204,99650,21,1,basic,False
205,99700,21,1,basic,True
206,99800,20,0,basic,True
207,99750,12,0,basic,False
208,99700,13,1,basic,False
209,99750,18,0,basic,True
210,99800,19,0,basic,False
211,99650,15,0,basic,False
212,99700,19,1,basic,True
213,99900,21,2,basic,True
214,99850,17,1,basic,False
215,99900,16,1,basic,False
216,99900,17,0,basic,False
217,99900,21,0,basic,False
218,99800,17,0,basic,False
219,99900,21,1,basic,True
220,99900,15,1,basic,False
221,99850,12,0,basic,False
222,99900,20,0,basic,True
223,99950,19,0,basic,True
224,100000,20,0,basic,True
225,99900,13,0,basic,False
226,99900,21,2,basic,False
227,99900,20,0,basic,True
228,99950,21,0,basic,True
229,99900,18,1,basic,False
230,99750,17,2,basic,False
231,99700,16,0,basic,False
232,99700,17,0,basic,False
233,99700,20,0,basic,True
234,99650,13,0,basic,False
235,99700,20,0,basic,True
236,99700,17,0,basic,False
237,99650,18,1,basic,False
238,99600,17,0,basic,False
239,99650,20,0,basic,True
240,99600,18,1,basic,False
241,99700,20,0,basic,True
242,99750,19,2,basic,True
243,99750,19,1,basic,False
244,99950,20,1,basic,True
245,99900,17,2,basic,False
246,99850,13,0,basic,False
247,99850,20,0,basic,True
248,99850,20,1,basic,False
249,99750,17,0,basic,False
250,99700,17,0,basic,False
251,99700,20,0,basic,False
252,99700,19,0,basic,True
253,99650,17,0,basic,False
254,99700,17,2,basic,False
255,99650,20,0,basic,False
256,99700,19,0,basic,True
257,99650,18,1,basic,False
258,99650,13,0,basic,False
259,99750,18,1,basic,True
260,99700,17,0,basic,False
261,99650,16,0,basic,False
262,99600,18,0,basic,False
263,99600,19,1,basic,False
264,99600,17,0,basic,False
265,99700,21,1,basic,True
266,99650,17,1,basic,False
267,99550,12,0,basic,False
268,99550,19,2,basic,False
269,99550,18,1,basic,True
270,99500,15,0,basic,False
271,99550,21,1,basic,True
272,99600,21,1,basic,True
273,99550,19,1,basic,False
274,99500,19,0,basic,False
275,99500,17,1,basic,False
276,99600,21,1,basic,True
277,99650,20,0,basic,True
278,99700,21,0,basic,True
279,99550,15,0,basic,False
280,99850,21,0,basic,True
281,99800,20,1,basic,False
282,99850,20,1,basic,True
283,99800,20,0,basic,False
284,99850,20,0,basic,True
285,99850,19,0,basic,True
286,99800,12,0,basic,False
287,99850,19,1,basic,True
288,99700,15,0,basic,False
289,99750,21,0,basic,True
290,99650,20,2,basic,False
291,99600,13,0,basic,False
292,99550,12,2,basic,False
293,99500,18,0,basic,False
294,99400,18,1,basic,False
295,99300,17,0,basic,False
296,99350,20,1,basic,True
297,99350,20,0,basic,True
298,99350,21,2,basic,False
299,99300,14,1,basic,False
300,99350,20,0,basic,True
301,99300,17,0,basic,False
302,99350,21,1,basic,True
303,99300,15,0,basic,False
304,99150,12,1,basic,False
305,99150,18,0,basic,False
306,99050,16,0,basic,False
307,99000,18,0,basic,False
308,98950,17,1,basic,False
309,98900,15,0,basic,False
310,98800,17,1,basic,False
311,98800,20,1,basic,False
312,98700,17,0,basic,False
313,98750,18,1,basic,False
314,98800,20,0,basic,True
315,98850,20,0,basic,True
316,98750,19,1,basic,False
317,98650,15,0,basic,False
318,98700,21,0,basic,True
319,98750,21,1,basic,True
320,98750,20,1,basic,False
321,98800,20,0,basic,True
322,98800,13,0,basic,False
323,98750,17,2,basic,False
324,98800,21,0,basic,True
325,98750,15,0,basic,False
326,98650,19,1,basic,False
327,98600,14,0,basic,False
328,98650,21,0,basic,True
329,98700,17,2,basic,False
330,98650,13,0,basic,False
331,98600,21,0,basic,True
332,98500,19,1,basic,False
333,98500,18,1,basic,False
334,98450,14,1,basic,False
335,98300,14,0,basic,False
336,98550,20,1,basic,True
337,98450,18,0,basic,False
338,98450,17,1,basic,False
339,98400,19,1,basic,False
340,98450,21,0,basic,True
341,98400,21,0,basic,False
342,98450,21,0,basic,True
343,98450,19,1,basic,True
344,98400,18,0,basic,False
345,98400,21,1,basic,False
346,98450,20,2,basic,False
347,98400,16,0,basic,False
348,98400,21,0,basic,True
349,98300,14,0,basic,False
350,98450,20,0,basic,True
351,98450,18,0,basic,False
352,98650,19,1,basic,True
353,98650,16,0,basic,False
354,98600,17,0,basic,False
355,98750,20,0,basic,True
356,98700,14,0,basic,False
357,98650,19,2,basic,False
358,98650,20,1,basic,True
359,98650,18,1,basic,False
360,98600,16,1,basic,False
361,98650,20,0,basic,True
362,98600,17,0,basic,False
363,98650,21,0,basic,True
364,98600,17,0,basic,False
365,98550,19,0,basic,False
366,98500,21,0,basic,False
367,98550,21,1,basic,True
368,98550,19,2,basic,False
369,98600,19,1,basic,False
370,98550,18,1,basic,False
371,98550,18,1,basic,False
372,98500,13,0,basic,False
373,98400,15,0,basic,False
374,98300,18,1,basic,False
375,98300,18,1,basic,False
376,98200,17,1,basic,False
377,98150,18,1,basic,False
378,98050,13,0,basic,False
379,98000,17,0,basic,False
380,97950,18,0,basic,False
381,97900,17,0,basic,False
382,97900,17,1,basic,False
383,97850,17,0,basic,False
384,97900,12,0,basic,False
385,97900,19,0,basic,False
386,97850,19,0,basic,False
387,97750,17,2,basic,False
388,97750,21,1,basic,False
389,97700,15,0,basic,False
390,97650,20,0,basic,False
391,97750,18,1,basic,True
392,97700,20,2,basic,False
393,97650,13,0,basic,False
394,97700,20,0,basic,True
395,97700,20,1,basic,False
396,97750,18,1,basic,False
397,97750,18,2,basic,False
398,97800,21,0,basic,True
399,97700,12,1,basic,False
400,97700,19,1,basic,False
401,97700,20,2,basic,True
402,97550,20,1,basic,False
403,97500,15,2,basic,False
404,97450,17,0,basic,False
405,97400,17,0,basic,False
406,97350,19,1,basic,False
407,97400,20,0,basic,True
408,97550,18,0,basic,False
409,97600,19,0,basic,False
410,97650,21,1,basic,True
411,97600,17,0,basic,False
412,97650,20,1,basic,True
413,97750,19,1,basic,True
414,97750,18,0,basic,False
415,97850,18,2,basic,True
416,97900,20,0,basic,True
417,98000,19,3,basic,True
418,98000,20,0,basic,False
419,98000,21,0,basic,False
420,97900,17,1,basic,False
421,97850,17,0,basic,False
422,97800,17,0,basic,False
423,97700,20,1,basic,False
424,97650,18,1,basic,False
425,97650,19,1,basic,False
426,97600,17,1,basic,False
427,97600,20,1,basic,False
428,97550,17,0,basic,False
429,97600,18,0,basic,True
430,97600,21,0,basic,False
431,97700,21,1,basic,True
432,97800,21,1,basic,True
433,97850,19,0,basic,True
434,97700,17,0,basic,False
435,97650,17,0,basic,False
436,97700,18,0,basic,True
437,97750,21,2,basic,True
438,97750,12,0,basic,False
439,97800,20,2,basic,True
440,97850,20,0,basic,True
441,97900,20,0,basic,True
442,97850,16,0,basic,False
443,97900,21,1,basic,False
444,98000,21,0,basic,True
445,98100,17,1,basic,False
446,98300,20,0,basic,False
447,98350,21,1,basic,True
448,98450,19,1,basic,True
449,98450,19,1,basic,True
450,98550,18,0,basic,True
451,98600,21,0,basic,True
452,98550,19,1,basic,False
453,98550,17,0,basic,False
454,98550,19,0,basic,False
455,98600,21,0,basic,True
456,98550,13,0,basic,False
457,98600,21,0,basic,True
458,98600,17,0,basic,False
459,98600,17,0,basic,False
460,98550,14,0,basic,False
461,98800,20,0,basic,True
462,98750,15,0,basic,False
463,98650,17,1,basic,False
464,98600,19,0,basic,False
465,98450,19,1,basic,False
466,98500,20,0,basic,True
467,98950,19,0,basic,True
468,99050,21,0,basic,True
469,99000,15,0,basic,False
470,98950,17,0,basic,False
471,98900,15,0,basic,False
472,98850,19,1,basic,False
473,98850,19,0,basic,False
474,98800,16,0,basic,False
475,98750,18,1,basic,False
476,98700,13,0,basic,False
477,98600,18,0,basic,False
478,98900,19,1,basic,True
479,98800,18,0,basic,False
480,98650,17,1,basic,False
481,98550,19,0,basic,False
482,98500,17,1,basic,False
483,98550,20,0,basic,True
484,98450,14,0,basic,False
485,98300,19,0,basic,False
486,98600,21,3,basic,True
487,98550,19,0,basic,False
488,98500,19,0,basic,False
489,98550,14,0,basic,False
490,98500,15,0,basic,False
491,98550,20,0,basic,True
492,98550,18,0,basic,False
493,98650,21,1,basic,True
494,98700,19,1,basic,True
495,98650,15,1,basic,False
496,98700,21,0,basic,True
497,98750,20,1,basic,True
498,98750,21,3,basic,True
499,98700,13,0,basic,False
500,98600,13,0,basic,False
501,98500,16,0,basic,False
502,98450,12,1,basic,False
503,98500,21,0,basic,True
504,98400,18,0,basic,False
505,98350,15,1,basic,False
506,98300,16,1,basic,False
507,98350,20,1,basic,True
508,98350,21,1,basic,False
509,98300,14,0,basic,False
510,98400,20,0,basic,True
511,98450,20,1,basic,True
512,98400,17,2,basic,False
513,98350,13,0,basic,False
514,98300,19,0,basic,False
515,98350,17,1,basic,False
516,98350,19,1,basic,True
517,98350,12,0,basic,False
518,98300,18,0,basic,False
519,98200,15,1,basic,False
520,98150,17,0,basic,False
521,98250,18,0,basic,False
522,98200,19,1,basic,False
523,98250,19,1,basic,True
524,98200,17,1,basic,False
525,98250,19,2,basic,True
526,98350,17,0,basic,False
527,98350,13,0,basic,False
528,98350,18,0,basic,False
529,98350,13,0,basic,False
530,98300,17,0,basic,False
531,98350,18,1,basic,False
532,98350,18,0,basic,False
533,98400,21,1,basic,True
534,98400,19,0,basic,False
535,98500,21,1,basic,True
536,98500,20,0,basic,False
537,98550,20,1,basic,True
538,98600,20,1,basic,True
539,98650,19,1,basic,True
540,98650,19,1,basic,False
541,98650,17,0,basic,False
542,98800,19,0,basic,False
543,98700,18,1,basic,False
544,98750,20,2,basic,True
545,98700,20,0,basic,False
546,98750,20,0,basic,True
547,98750,17,3,basic,False
548,98850,20,1,basic,True
549,98750,14,1,basic,False
550,98650,21,0,basic,True
551,98650,17,1,basic,False
552,98650,21,0,basic,False
553,98650,19,0,basic,False
554,98600,12,0,basic,False
555,98600,18,2,basic,False
556,98550,18,0,basic,False
557,98500,17,1,basic,False
558,98600,21,0,basic,True
559,98600,21,0,basic,True
560,98650,16,1,basic,False
561,98750,21,0,basic,True
562,98800,21,1,basic,True
563,98750,17,1,basic,False
564,98700,17,0,basic,False
565,98650,15,0,basic,False
566,98750,20,0,basic,True
567,98700,18,0,basic,False
568,98750,20,0,basic,True
569,98700,19,1,basic,False
570,99900,13,1,double_on_7or8,False
571,100050,20,0,double_on_7or8,True
572,100000,16,0,double_on_7or8,False
573,99950,18,1,double_on_7or8,False
574,99900,17,0,double_on_7or8,False
575,99750,18,1,double_on_7or8,False
576,99650,16,1,double_on_7or8,False
577,99650,20,0,double_on_7or8,False
578,99600,13,0,double_on_7or8,False
579,99500,13,0,double_on_7or8,False
580,99400,19,0,double_on_7or8,False
581,99350,14,0,double_on_7or8,False
582,99250,18,1,double_on_7or8,False
583,99250,19,2,double_on_7or8,True
584,99350,21,1,double_on_7or8,True
585,99350,20,2,double_on_7or8,False
586,99450,21,0,double_on_7or8,True
587,99450,18,0,double_on_7or8,True
588,99400,21,1,double_on_7or8,False
589,99300,12,1,double_on_7or8,False
590,99250,15,0,double_on_7or8,False
591,99200,13,1,double_on_7or8,False
592,99100,17,0,double_on_7or8,False
593,99150,19,0,double_on_7or8,True
594,99100,16,0,double_on_7or8,False
595,99050,18,0,double_on_7or8,False
596,99050,20,1,double_on_7or8,True
597,99050,19,0,double_on_7or8,True
598,99050,20,0,double_on_7or8,True
599,98900,14,1,double_on_7or8,False
600,98950,20,0,double_on_7or8,True
601,98800,17,0,double_on_7or8,False
602,99000,13,1,double_on_7or8,False
603,99050,20,1,double_on_7or8,True
604,99000,17,1,double_on_7or8,False
605,99000,21,0,double_on_7or8,False
606,99050,21,1,double_on_7or8,False
607,99050,21,2,double_on_7or8,False
608,99050,20,1,double_on_7or8,False
609,99000,17,1,double_on_7or8,False
610,98950,16,0,double_on_7or8,False
611,98850,17,1,double_on_7or8,False
612,98950,21,1,double_on_7or8,True
613,98900,20,2,double_on_7or8,False
614,98850,15,0,double_on_7or8,False
615,98900,19,0,double_on_7or8,True
616,99000,21,1,double_on_7or8,True
617,99150,21,0,double_on_7or8,True
618,99200,12,0,double_on_7or8,False
619,99150,17,0,double_on_7or8,False
620,99150,20,0,double_on_7or8,False
621,99100,16,1,double_on_7or8,False
622,99150,20,0,double_on_7or8,True
623,99350,18,0,double_on_7or8,False
624,99600,20,1,double_on_7or8,True
625,99600,18,1,double_on_7or8,False
626,99500,13,1,double_on_7or8,False
627,99450,16,1,double_on_7or8,False
628,99400,17,0,double_on_7or8,False
629,99600,19,0,double_on_7or8,True
630,99650,19,0,double_on_7or8,False
631,99650,21,0,double_on_7or8,True
632,99750,21,2,double_on_7or8,True
633,99700,19,0,double_on_7or8,False
634,99700,21,1,double_on_7or8,True
635,99750,20,0,double_on_7or8,True
636,99800,19,0,double_on_7or8,False
637,100000,21,2,double_on_7or8,True
638,99900,13,1,double_on_7or8,False
639,99800,19,1,double_on_7or8,False
640,99800,20,1,double_on_7or8,False
641,99700,16,2,double_on_7or8,False
642,99700,17,0,double_on_7or8,False
643,99650,19,0,double_on_7or8,False
644,99650,20,1,double_on_7or8,False
645,99700,20,0,double_on_7or8,True
646,99650,17,0,double_on_7or8,False
647,99600,19,0,double_on_7or8,False
648,99550,18,1,double_on_7or8,False
649,99550,19,0,double_on_7or8,True
650,99600,18,2,double_on_7or8,True
651,99550,17,0,double_on_7or8,False
652,99500,17,0,double_on_7or8,False
653,99450,13,0,double_on_7or8,False
654,99400,18,0,double_on_7or8,False
655,99300,13,0,double_on_7or8,False
656,99250,13,0,double_on_7or8,False
657,99350,20,1,double_on_7or8,True
658,99400,20,0,double_on_7or8,True
659,99450,20,0,double_on_7or8,True
660,99400,17,0,double_on_7or8,False
661,99450,20,0,double_on_7or8,True
662,99400,20,0,double_on_7or8,False
663,99350,19,1,double_on_7or8,False
664,99400,20,0,double_on_7or8,True
665,99400,19,1,double_on_7or8,True
666,99500,20,0,double_on_7or8,True
667,99500,20,1,double_on_7or8,True
668,99450,17,1,double_on_7or8,False
669,99400,17,2,double_on_7or8,False
670,99450,20,0,double_on_7or8,True
671,99450,21,0,double_on_7or8,True
672,99400,12,0,double_on_7or8,False
673,99400,19,0,double_on_7or8,False
674,99450,18,2,double_on_7or8,True
675,99450,19,0,double_on_7or8,False
676,99450,20,0,double_on_7or8,False
677,99400,19,0,double_on_7or8,True
678,99400,20,0,double_on_7or8,False
679,99450,21,1,double_on_7or8,False
680,99500,18,0,double_on_7or8,False
681,99400,12,1,double_on_7or8,False
682,99350,15,0,double_on_7or8,False
683,99300,18,0,double_on_7or8,False
684,99300,16,0,double_on_7or8,False
685,99300,21,0,double_on_7or8,True
686,99200,18,1,double_on_7or8,False
687,99500,21,1,double_on_7or8,True
688,99500,19,2,double_on_7or8,False
689,99450,18,1,double_on_7or8,False
690,99400,18,1,double_on_7or8,False
691,99350,17,1,double_on_7or8,False
692,99400,21,1,double_on_7or8,True
693,99450,20,1,double_on_7or8,True
694,99500,12,0,double_on_7or8,False
695,99550,21,0,double_on_7or8,True
696,99650,20,0,double_on_7or8,True
697,99800,18,0,double_on_7or8,True
698,99900,19,0,double_on_7or8,True
699,99850,12,0,double_on_7or8,False
700,99800,17,1,double_on_7or8,False
701,99850,19,0,double_on_7or8,True
702,99800,18,0,double_on_7or8,False
703,99800,20,0,double_on_7or8,False
704,99800,18,0,double_on_7or8,False
705,99750,17,1,double_on_7or8,False
706,99700,17,0,double_on_7or8,False
707,99700,17,0,double_on_7or8,False
708,99700,20,1,double_on_7or8,False
709,99750,20,2,double_on_7or8,True
710,99700,19,1,double_on_7or8,False
711,99650,17,0,double_on_7or8,False
712,99600,14,0,double_on_7or8,False
713,99600,14,0,double_on_7or8,False
714,99450,17,1,double_on_7or8,False
715,99400,17,1,double_on_7or8,False
716,99400,17,1,double_on_7or8,False
717,99400,20,1,double_on_7or8,False
718,99250,14,1,double_on_7or8,False
719,99300,20,0,double_on_7or8,True
720,99300,13,1,double_on_7or8,False
721,99250,17,1,double_on_7or8,False
722,99250,19,0,double_on_7or8,False
723,99150,18,1,double_on_7or8,False
724,99100,17,1,double_on_7or8,False
725,98950,16,1,double_on_7or8,False
726,98900,16,0,double_on_7or8,False
727,98850,17,2,double_on_7or8,False
728,98950,17,0,double_on_7or8,False
729,98950,18,0,double_on_7or8,False
730,99000,20,0,double_on_7or8,True
731,99050,20,1,double_on_7or8,True
732,99100,19,0,double_on_7or8,True
733,99100,20,2,double_on_7or8,True
734,99000,17,1,double_on_7or8,False
735,98900,18,0,double_on_7or8,False
736,99000,20,2,double_on_7or8,False
737,98850,15,0,double_on_7or8,False
738,98750,13,1,double_on_7or8,False
739,98700,17,0,double_on_7or8,False
740,98750,20,0,double_on_7or8,False
741,98700,15,0,double_on_7or8,False
742,98700,18,0,double_on_7or8,False
743,98650,15,0,double_on_7or8,False
744,98550,17,1,double_on_7or8,False
745,98650,20,1,double_on_7or8,True
746,98750,19,2,double_on_7or8,True
747,98700,14,0,double_on_7or8,False
748,98650,20,0,double_on_7or8,False
749,98700,21,1,double_on_7or8,True
750,98650,13,1,double_on_7or8,False
751,98650,20,0,double_on_7or8,True
752,98650,19,0,double_on_7or8,False
753,98650,16,0,double_on_7or8,False
754,98700,20,0,double_on_7or8,True
755,98700,18,0,double_on_7or8,False
756,98650,15,1,double_on_7or8,False
757,98700,20,0,double_on_7or8,True
758,98800,21,1,double_on_7or8,True
759,98900,20,0,double_on_7or8,False
760,98850,13,0,double_on_7or8,False
761,98900,18,0,double_on_7or8,False
762,98850,20,0,double_on_7or8,False
763,98900,15,0,double_on_7or8,False
764,98850,20,1,double_on_7or8,False
765,98850,15,0,double_on_7or8,False
766,98800,15,1,double_on_7or8,False
767,98750,18,2,double_on_7or8,False
768,98700,17,2,double_on_7or8,False
769,98750,20,1,double_on_7or8,True
770,98850,20,0,double_on_7or8,False
771,98800,20,3,double_on_7or8,False
772,98800,17,1,double_on_7or8,False
773,98850,17,0,double_on_7or8,False
774,98850,17,0,double_on_7or8,False
775,98950,20,1,double_on_7or8,True
776,99050,20,0,double_on_7or8,True
777,99100,20,1,double_on_7or8,True
778,99050,15,0,double_on_7or8,False
779,99150,18,0,double_on_7or8,False
780,99200,20,0,double_on_7or8,True
781,99250,21,2,double_on_7or8,True
782,99200,17,1,double_on_7or8,False
783,99250,20,3,double_on_7or8,True
784,99300,20,0,double_on_7or8,True
785,99350,20,1,double_on_7or8,True
786,99450,21,1,double_on_7or8,True
787,99350,16,1,double_on_7or8,False
788,99300,18,0,double_on_7or8,False
789,99250,16,0,double_on_7or8,False
790,99300,21,0,double_on_7or8,True
791,99250,12,0,double_on_7or8,False
792,99200,20,0,double_on_7or8,False
793,99250,21,1,double_on_7or8,True
794,99400,20,2,double_on_7or8,False
795,99350,19,0,double_on_7or8,False
796,99350,21,1,double_on_7or8,True
797,99300,17,1,double_on_7or8,False
798,99250,18,2,double_on_7or8,False
799,99250,19,3,double_on_7or8,False
800,99300,20,3,double_on_7or8,True
801,99300,18,0,double_on_7or8,False
802,99350,21,0,double_on_7or8,True
803,99350,17,0,double_on_7or8,False
804,99400,15,1,double_on_7or8,False
805,99300,13,1,double_on_7or8,False
806,99250,18,0,double_on_7or8,False
807,99150,18,0,double_on_7or8,False
808,99200,20,0,double_on_7or8,True
809,99250,17,1,double_on_7or8,False
810,99250,14,0,double_on_7or8,False
811,99200,16,0,double_on_7or8,False
812,99150,17,1,double_on_7or8,False
813,99200,17,2,double_on_7or8,False
814,99200,18,2,double_on_7or8,False
815,99150,15,0,double_on_7or8,False
816,99150,20,0,double_on_7or8,False
817,99200,20,0,double_on_7or8,True
818,99250,21,0,double_on_7or8,True
819,99250,17,0,double_on_7or8,False
820,99200,13,1,double_on_7or8,False
821,99200,18,0,double_on_7or8,False
822,99150,13,0,double_on_7or8,False
823,99200,20,0,double_on_7or8,True
824,99200,15,0,double_on_7or8,False
825,99200,19,0,double_on_7or8,False
826,99150,19,1,double_on_7or8,False
827,99150,18,0,double_on_7or8,False
828,99100,17,2,double_on_7or8,False
829,99050,15,0,double_on_7or8,False
830,99100,21,1,double_on_7or8,True
831,99150,19,0,double_on_7or8,True
832,99050,19,0,double_on_7or8,False
833,99200,18,0,double_on_7or8,False
834,99050,17,0,double_on_7or8,False
835,99100,21,0,double_on_7or8,True
836,99150,19,0,double_on_7or8,True
837,99050,12,1,double_on_7or8,False
838,99050,21,2,double_on_7or8,True
839,99100,21,1,double_on_7or8,True
840,99150,16,0,double_on_7or8,False
841,99200,20,1,double_on_7or8,False
842,99250,20,0,double_on_7or8,True
843,99200,18,0,double_on_7or8,False
844,99250,17,2,double_on_7or8,False
845,99300,20,0,double_on_7or8,True
846,99300,20,0,double_on_7or8,False
847,99350,21,1,double_on_7or8,True
848,99350,17,0,double_on_7or8,False
849,99400,18,1,double_on_7or8,False
850,99450,19,0,double_on_7or8,True
851,99250,13,0,double_on_7or8,False
852,99250,20,0,double_on_7or8,False
853,99200,17,1,double_on_7or8,False
854,99150,17,0,double_on_7or8,False
855,98950,16,0,double_on_7or8,False
856,98950,15,0,double_on_7or8,False
857,98950,17,0,double_on_7or8,False
858,98850,19,2,double_on_7or8,False
859,98900,21,1,double_on_7or8,True
860,98850,20,0,double_on_7or8,False
861,98800,14,0,double_on_7or8,False
862,98750,19,0,double_on_7or8,False
863,98800,20,0,double_on_7or8,True
864,98900,20,1,double_on_7or8,True
865,99100,21,0,double_on_7or8,True
866,99050,14,0,double_on_7or8,False
867,99100,20,2,double_on_7or8,True
868,99100,16,1,double_on_7or8,False
869,99150,19,1,double_on_7or8,True
870,99150,15,2,double_on_7or8,False
871,99100,17,0,double_on_7or8,False
872,99100,15,0,double_on_7or8,False
873,99100,17,1,double_on_7or8,False
874,99300,19,1,double_on_7or8,True
875,99300,21,0,double_on_7or8,False
876,99300,20,1,double_on_7or8,False
877,99600,21,1,double_on_7or8,True
878,99500,18,1,double_on_7or8,False
879,99450,13,0,double_on_7or8,False
880,99450,12,0,double_on_7or8,False
881,99500,18,1,double_on_7or8,True
882,99600,20,1,double_on_7or8,True
883,99700,21,2,double_on_7or8,True
884,99750,17,0,double_on_7or8,False
885,99700,19,0,double_on_7or8,False
886,99650,14,0,double_on_7or8,False
887,99700,17,2,double_on_7or8,False
888,99700,17,0,double_on_7or8,False
889,99650,12,0,double_on_7or8,False
890,99700,20,2,double_on_7or8,True
891,99750,17,0,double_on_7or8,False
892,99700,18,1,double_on_7or8,False
893,99750,19,0,double_on_7or8,True
894,99650,18,1,double_on_7or8,False
895,99600,18,1,double_on_7or8,False
896,99650,12,0,double_on_7or8,False
897,99600,15,1,double_on_7or8,False
898,99750,20,1,double_on_7or8,True
899,99700,18,2,double_on_7or8,False
900,99700,21,0,double_on_7or8,True
901,99600,19,0,double_on_7or8,False
902,99550,19,0,double_on_7or8,False
903,99500,14,0,double_on_7or8,False
904,99450,18,1,double_on_7or8,False
905,99550,20,0,double_on_7or8,False
906,99500,16,0,double_on_7or8,False
907,99450,17,0,double_on_7or8,False
908,99450,20,0,double_on_7or8,False
909,99500,19,0,double_on_7or8,True
910,99600,20,0,double_on_7or8,True
911,99600,18,1,double_on_7or8,False
912,99550,17,0,double_on_7or8,False
913,99450,16,1,double_on_7or8,False
914,99350,19,0,double_on_7or8,False
915,99450,21,1,double_on_7or8,True
916,99400,17,1,double_on_7or8,False
917,99400,19,0,double_on_7or8,True
918,99350,15,0,double_on_7or8,False
919,99300,14,0,double_on_7or8,False
920,99250,19,0,double_on_7or8,False
921,99250,19,0,double_on_7or8,True
922,99400,20,0,double_on_7or8,True
923,99450,21,2,double_on_7or8,True
924,99500,21,0,double_on_7or8,True
925,99450,17,1,double_on_7or8,False
926,99450,19,0,double_on_7or8,True
927,99550,20,1,double_on_7or8,True
928,99500,17,0,double_on_7or8,False
929,99550,20,0,double_on_7or8,True
930,99550,20,2,double_on_7or8,False
931,99500,19,0,double_on_7or8,False
932,99550,21,0,double_on_7or8,True
933,99550,20,1,double_on_7or8,False
934,99450,16,0,double_on_7or8,False
935,99350,18,1,double_on_7or8,False
936,99300,14,0,double_on_7or8,False
937,99300,18,1,double_on_7or8,False
938,99350,18,0,double_on_7or8,False
939,99350,17,2,double_on_7or8,False
940,99300,14,0,double_on_7or8,False
941,99350,19,0,double_on_7or8,True
942,99300,14,0,double_on_7or8,False
943,99400,19,2,double_on_7or8,False
944,99300,13,0,double_on_7or8,False
945,99350,20,3,double_on_7or8,True
946,99300,19,0,double_on_7or8,False
947,99350,21,0,double_on_7or8,True
948,99450,21,0,double_on_7or8,True
949,99450,19,1,double_on_7or8,True
950,99500,18,2,double_on_7or8,True
951,99450,20,0,double_on_7or8,False
952,99500,20,0,double_on_7or8,True
953,99450,18,1,double_on_7or8,False
954,99400,12,0,double_on_7or8,False
955,99400,19,0,double_on_7or8,True
956,99400,19,0,double_on_7or8,True
957,99450,18,1,double_on_7or8,True
958,99550,21,1,double_on_7or8,True
959,99600,21,1,double_on_7or8,True
960,99550,20,2,double_on_7or8,False
961,99550,20,1,double_on_7or8,False
962,99500,13,0,double_on_7or8,False
963,99550,18,1,double_on_7or8,True
964,99500,17,2,double_on_7or8,False
965,99350,18,0,double_on_7or8,False
966,99450,21,1,double_on_7or8,True
967,99350,17,0,double_on_7or8,False
968,99300,12,0,double_on_7or8,False
969,99250,18,0,double_on_7or8,False
970,99250,15,0,double_on_7or8,False
971,99300,21,1,double_on_7or8,True
972,99200,17,0,double_on_7or8,False
973,99150,17,1,double_on_7or8,False
974,99200,12,1,double_on_7or8,False
975,99300,19,0,double_on_7or8,True
976,99300,18,1,double_on_7or8,False
977,99350,17,0,double_on_7or8,False
978,99400,19,1,double_on_7or8,False
979,99300,20,3,double_on_7or8,False
980,99300,19,1,double_on_7or8,False
981,99200,13,1,double_on_7or8,False
982,99100,13,0,double_on_7or8,False
983,99200,21,0,double_on_7or8,True
984,99150,19,0,double_on_7or8,False
985,99250,18,1,double_on_7or8,True
986,99250,19,1,double_on_7or8,False
987,99250,20,0,double_on_7or8,False
988,99300,18,0,double_on_7or8,True
989,99250,13,0,double_on_7or8,False
990,99250,17,1,double_on_7or8,False
991,99300,20,0,double_on_7or8,True
992,99500,18,1,double_on_7or8,True
993,99550,18,2,double_on_7or8,False
994,99550,21,0,double_on_7or8,True
995,99600,19,1,double_on_7or8,True
996,99750,19,0,double_on_7or8,True
997,99650,18,0,double_on_7or8,False
998,99700,19,0,double_on_7or8,True
999,99600,17,0,double_on_7or8,False
1000,99700,17,1,double_on_7or8,False
1001,99700,18,1,double_on_7or8,False
1002,99600,18,1,double_on_7or8,False
1003,99550,17,1,double_on_7or8,False
1004,99600,20,0,double_on_7or8,True
1005,99500,15,1,double_on_7or8,False
1006,99500,20,0,double_on_7or8,False
1007,99450,20,2,double_on_7or8,False
1008,99500,18,0,double_on_7or8,True
1009,99450,20,0,double_on_7or8,False
1010,99350,17,2,double_on_7or8,False
1011,99350,18,0,double_on_7or8,False
1012,99300,15,0,double_on_7or8,False
1013,99300,17,1,double_on_7or8,False
1014,99350,21,1,double_on_7or8,True
1015,99350,18,1,double_on_7or8,False
1016,99350,19,2,double_on_7or8,False
1017,99300,20,0,double_on_7or8,False
1018,99250,17,0,double_on_7or8,False
1019,99200,12,1,double_on_7or8,False
1020,99300,19,0,double_on_7or8,True
1021,99350,21,1,double_on_7or8,True
1022,99350,17,1,double_on_7or8,False
1023,99350,21,0,double_on_7or8,True
1024,99350,17,1,double_on_7or8,False
1025,99300,19,2,double_on_7or8,False
1026,99400,17,2,double_on_7or8,False
1027,99450,21,0,double_on_7or8,True
1028,99500,20,1,double_on_7or8,True
1029,99500,20,0,double_on_7or8,True
1030,99550,20,0,double_on_7or8,False
1031,99500,15,0,double_on_7or8,False
1032,99550,21,2,double_on_7or8,True
1033,99600,20,1,double_on_7or8,True
1034,99550,15,1,double_on_7or8,False
1035,99500,12,0,double_on_7or8,False
1036,99400,15,0,double_on_7or8,False
1037,99450,20,0,double_on_7or8,True
1038,99500,21,1,double_on_7or8,True
1039,99450,18,0,double_on_7or8,False
1040,99500,20,0,double_on_7or8,True
1041,99600,20,1,double_on_7or8,True
1042,99550,17,0,double_on_7or8,False
1043,99550,18,0,double_on_7or8,False
1044,99450,13,1,double_on_7or8,False
1045,99500,21,1,double_on_7or8,True
1046,99450,17,1,double_on_7or8,False
1047,99450,17,1,double_on_7or8,False
1048,99400,17,0,double_on_7or8,False
1049,99400,20,0,double_on_7or8,True
1050,99450,20,3,double_on_7or8,True
1051,99450,18,1,double_on_7or8,False
1052,99450,17,0,double_on_7or8,False
1053,99600,20,0,double_on_7or8,True
1054,99650,20,1,double_on_7or8,True
1055,99700,20,0,double_on_7or8,False
1056,99600,18,0,double_on_7or8,False
1057,99700,18,1,double_on_7or8,True
1058,99650,16,1,double_on_7or8,False
1059,99550,17,1,double_on_7or8,False
1060,99600,18,1,double_on_7or8,True
1061,99700,20,0,double_on_7or8,True
1062,99650,13,2,double_on_7or8,False
1063,99700,20,0,double_on_7or8,True
1064,99650,18,1,double_on_7or8,False
1065,99700,21,0,double_on_7or8,True
1066,99650,19,0,double_on_7or8,False
1067,99950,21,2,double_on_7or8,True
1068,99950,20,0,double_on_7or8,True
1069,99950,18,2,double_on_7or8,False
1070,100100,20,2,double_on_7or8,True
1071,100050,13,0,double_on_7or8,False
1072,99950,12,1,double_on_7or8,False
1073,99900,17,0,double_on_7or8,False
1074,99850,18,1,double_on_7or8,False
1075,99850,19,0,double_on_7or8,False
1076,99750,15,1,double_on_7or8,False
1077,99750,20,0,double_on_7or8,False
1078,99800,20,0,double_on_7or8,True
1079,99850,21,0,double_on_7or8,True
1080,99850,13,1,double_on_7or8,False
1081,99800,18,1,double_on_7or8,False
1082,99650,18,1,double_on_7or8,False
1083,99700,21,1,double_on_7or8,False
1084,99700,13,0,double_on_7or8,False
1085,99750,18,1,double_on_7or8,True
1086,99800,21,0,double_on_7or8,True
1087,99750,18,0,double_on_7or8,False
1088,99700,18,0,double_on_7or8,False
1089,99650,21,0,double_on_7or8,True
1090,99550,17,0,double_on_7or8,False
1091,99700,18,1,double_on_7or8,True
1092,99650,17,1,double_on_7or8,False
1093,99700,20,0,double_on_7or8,True
1094,99650,18,0,double_on_7or8,False
1095,99600,19,0,double_on_7or8,False
1096,99700,20,2,double_on_7or8,True
1097,99550,16,1,double_on_7or8,False
1098,99500,19,2,double_on_7or8,False
1099,99500,19,0,double_on_7or8,True
1100,99450,13,0,double_on_7or8,False
1101,99350,17,0,double_on_7or8,False
1102,99400,19,1,double_on_7or8,True
1103,99400,19,0,double_on_7or8,False
1104,99300,12,1,double_on_7or8,False
1105,99200,12,0,double_on_7or8,False
1106,99250,20,0,double_on_7or8,True
1107,99350,21,0,double_on_7or8,False
1108,99300,16,0,double_on_7or8,False
1109,99250,21,0,double_on_7or8,False
1110,99150,16,1,double_on_7or8,False
1111,99000,17,1,double_on_7or8,False
1112,98950,18,1,double_on_7or8,False
1113,98950,17,0,double_on_7or8,False
1114,98900,17,1,double_on_7or8,False
1115,99000,18,1,double_on_7or8,True
1116,99000,17,0,double_on_7or8,False
1117,98900,17,0,double_on_7or8,False
1118,98950,20,0,double_on_7or8,True
1119,98900,19,3,double_on_7or8,False
1120,99000,20,1,double_on_7or8,True
1121,99000,12,0,double_on_7or8,False
1122,99050,20,0,double_on_7or8,True
1123,99100,20,0,double_on_7or8,True
1124,99100,20,0,double_on_7or8,False
1125,99250,19,1,double_on_7or8,False
1126,99200,17,2,double_on_7or8,False
1127,99300,19,0,double_on_7or8,True
1128,99300,19,0,double_on_7or8,False
1129,99300,15,0,double_on_7or8,False
1130,99250,18,3,double_on_7or8,False
1131,99150,12,1,double_on_7or8,False
1132,99200,21,0,double_on_7or8,True
1133,99150,12,0,double_on_7or8,False
1134,99100,18,0,double_on_7or8,False
1135,99250,21,1,double_on_7or8,True
1136,99200,18,2,double_on_7or8,False
1137,99300,21,0,double_on_7or8,True
1138,99350,20,0,double_on_7or8,True
1139,99450,18,0,double_on_7or8,True
1140,99450,13,0,double_on_7or8,False
1141,99400,19,0,double_on_7or8,False
1142,99500,16,0,double_on_7or8,False
1143,99900,20,0,stand_on_sixteen,False
1144,99900,17,0,stand_on_sixteen,False
1145,99900,17,0,stand_on_sixteen,False
1146,99950,18,1,stand_on_sixteen,True
1147,100000,19,0,stand_on_sixteen,False
1148,99950,15,0,stand_on_sixteen,False
1149,99900,19,0,stand_on_sixteen,False
1150,99850,20,0,stand_on_sixteen,False
1151,99850,20,2,stand_on_sixteen,False
1152,99900,21,2,stand_on_sixteen,False
1153,100000,16,1,stand_on_sixteen,False
1154,99950,18,0,stand_on_sixteen,False
1155,100050,21,1,stand_on_sixteen,False
1156,100100,18,1,stand_on_sixteen,True
1157,100200,18,0,stand_on_sixteen,True
1158,100150,18,0,stand_on_sixteen,False
1159,100050,13,1,stand_on_sixteen,False
1160,100100,18,0,stand_on_sixteen,True
1161,100050,18,1,stand_on_sixteen,False
1162,100100,18,0,stand_on_sixteen,False
1163,100150,19,0,stand_on_sixteen,True
1164,100200,20,0,stand_on_sixteen,False
1165,100050,16,0,stand_on_sixteen,False
1166,100000,19,1,stand_on_sixteen,True
1167,100000,15,0,stand_on_sixteen,False
1168,100000,19,0,stand_on_sixteen,False
1169,100050,20,0,stand_on_sixteen,True
1170,100000,15,0,stand_on_sixteen,False
1171,99950,19,0,stand_on_sixteen,False
1172,100000,18,2,stand_on_sixteen,True
1173,100050,20,0,stand_on_sixteen,True
1174,100000,18,1,stand_on_sixteen,False
1175,100000,16,0,stand_on_sixteen,False
1176,99950,17,1,stand_on_sixteen,False
1177,99900,20,1,stand_on_sixteen,False
1178,99850,17,0,stand_on_sixteen,False
1179,99800,18,0,stand_on_sixteen,False
1180,99750,13,0,stand_on_sixteen,False
1181,99650,18,0,stand_on_sixteen,False
1182,99600,17,3,stand_on_sixteen,False
1183,99600,16,0,stand_on_sixteen,False
1184,99600,16,0,stand_on_sixteen,False
1185,99650,17,0,stand_on_sixteen,False
1186,99750,20,1,stand_on_sixteen,True
1187,99600,14,1,stand_on_sixteen,False
1188,99600,20,0,stand_on_sixteen,False
1189,99500,20,0,stand_on_sixteen,False
1190,99600,21,1,stand_on_sixteen,True
1191,99750,21,0,stand_on_sixteen,True
1192,99800,17,1,stand_on_sixteen,False
1193,99750,17,0,stand_on_sixteen,False
1194,99700,13,0,stand_on_sixteen,False
1195,99850,20,1,stand_on_sixteen,True
1196,99800,20,0,stand_on_sixteen,False
1197,99850,21,1,stand_on_sixteen,True
1198,99800,19,1,stand_on_sixteen,False
1199,99750,20,0,stand_on_sixteen,False
1200,99650,18,1,stand_on_sixteen,False
1201,99650,20,0,stand_on_sixteen,True
1202,99650,19,2,stand_on_sixteen,False
1203,99600,18,0,stand_on_sixteen,False
1204,99600,21,1,stand_on_sixteen,False
1205,99550,13,0,stand_on_sixteen,False
1206,99600,20,1,stand_on_sixteen,True
1207,99650,20,0,stand_on_sixteen,True
1208,99600,20,0,stand_on_sixteen,False
1209,99700,19,1,stand_on_sixteen,True
1210,99750,20,0,stand_on_sixteen,True
1211,99700,16,0,stand_on_sixteen,False
1212,99700,15,0,stand_on_sixteen,False
1213,99750,20,0,stand_on_sixteen,True
1214,99800,21,2,stand_on_sixteen,True
1215,99750,17,0,stand_on_sixteen,False
1216,99700,12,1,stand_on_sixteen,False
1217,99650,17,0,stand_on_sixteen,False
1218,99600,18,1,stand_on_sixteen,False
1219,99500,12,0,stand_on_sixteen,False
1220,99450,17,0,stand_on_sixteen,False
1221,99550,21,1,stand_on_sixteen,True
1222,99500,19,0,stand_on_sixteen,False
1223,99450,12,0,stand_on_sixteen,False
1224,99500,20,0,stand_on_sixteen,True
1225,99600,21,1,stand_on_sixteen,True
1226,99650,21,0,stand_on_sixteen,True
1227,99650,18,0,stand_on_sixteen,False
1228,99700,18,1,stand_on_sixteen,True
1229,99700,20,0,stand_on_sixteen,True
1230,99650,18,1,stand_on_sixteen,False
1231,99550,17,1,stand_on_sixteen,False
1232,99600,21,2,stand_on_sixteen,True
1233,99600,21,0,stand_on_sixteen,False
1234,99550,17,2,stand_on_sixteen,False
1235,99550,19,1,stand_on_sixteen,False
1236,99600,21,3,stand_on_sixteen,True
1237,99650,21,0,stand_on_sixteen,True
1238,99700,21,0,stand_on_sixteen,True
1239,99750,21,0,stand_on_sixteen,True
1240,99750,17,0,stand_on_sixteen,False
1241,99800,21,2,stand_on_sixteen,True
1242,99850,20,0,stand_on_sixteen,True
1243,99800,18,1,stand_on_sixteen,False
1244,99750,19,0,stand_on_sixteen,False
1245,99800,20,2,stand_on_sixteen,True
1246,99800,20,0,stand_on_sixteen,False
1247,99750,17,1,stand_on_sixteen,False
1248,99650,15,0,stand_on_sixteen,False
1249,99600,18,0,stand_on_sixteen,False
1250,99600,12,0,stand_on_sixteen,False
1251,99550,15,0,stand_on_sixteen,False
1252,99600,17,0,stand_on_sixteen,False
1253,99700,19,1,stand_on_sixteen,True
1254,99650,15,0,stand_on_sixteen,False
1255,99650,17,0,stand_on_sixteen,False
1256,99600,20,0,stand_on_sixteen,False
1257,99600,18,1,stand_on_sixteen,False
1258,99550,14,0,stand_on_sixteen,False
1259,99450,18,1,stand_on_sixteen,False
1260,99300,18,0,stand_on_sixteen,False
1261,99200,16,2,stand_on_sixteen,False
1262,99350,21,1,stand_on_sixteen,True
1263,99300,17,0,stand_on_sixteen,False
1264,99250,17,0,stand_on_sixteen,False
1265,99300,21,0,stand_on_sixteen,True
1266,99350,21,2,stand_on_sixteen,True
1267,99400,21,2,stand_on_sixteen,True
1268,99550,21,1,stand_on_sixteen,True
1269,99500,17,0,stand_on_sixteen,False
1270,99500,20,0,stand_on_sixteen,False
1271,99550,18,0,stand_on_sixteen,False
1272,99550,21,0,stand_on_sixteen,True
1273,99700,19,1,stand_on_sixteen,True
1274,99750,21,0,stand_on_sixteen,True
1275,99650,18,1,stand_on_sixteen,False
1276,99700,18,1,stand_on_sixteen,True
1277,99700,21,0,stand_on_sixteen,False
1278,99750,20,0,stand_on_sixteen,False
1279,99600,14,1,stand_on_sixteen,False
1280,99550,16,2,stand_on_sixteen,False
1281,99500,19,0,stand_on_sixteen,False
1282,99450,16,0,stand_on_sixteen,False
1283,99500,13,0,stand_on_sixteen,False
1284,99550,19,1,stand_on_sixteen,False
1285,99500,14,1,stand_on_sixteen,False
1286,99450,12,0,stand_on_sixteen,False
1287,99450,16,1,stand_on_sixteen,False
1288,99500,21,2,stand_on_sixteen,True
1289,99400,20,0,stand_on_sixteen,False
1290,99350,14,0,stand_on_sixteen,False
1291,99350,13,0,stand_on_sixteen,False
1292,99350,17,0,stand_on_sixteen,False
1293,99350,18,0,stand_on_sixteen,False
1294,99400,20,1,stand_on_sixteen,True
1295,99350,18,0,stand_on_sixteen,False
1296,99350,15,0,stand_on_sixteen,False
1297,99350,18,0,stand_on_sixteen,False
1298,99500,19,0,stand_on_sixteen,True
1299,99450,15,0,stand_on_sixteen,False
1300,99450,17,1,stand_on_sixteen,False
1301,99550,18,1,stand_on_sixteen,False
1302,99600,18,0,stand_on_sixteen,True
1303,99550,16,0,stand_on_sixteen,False
1304,99600,20,0,stand_on_sixteen,True
1305,99750,20,0,stand_on_sixteen,True
1306,99800,21,0,stand_on_sixteen,True
1307,99750,16,1,stand_on_sixteen,False
1308,99650,14,1,stand_on_sixteen,False
1309,99600,15,1,stand_on_sixteen,False
1310,99750,21,1,stand_on_sixteen,True
1311,99700,20,0,stand_on_sixteen,False
1312,99650,18,1,stand_on_sixteen,False
1313,99600,19,0,stand_on_sixteen,False
1314,99600,18,2,stand_on_sixteen,False
1315,99650,18,0,stand_on_sixteen,True
1316,99650,19,1,stand_on_sixteen,False
1317,99600,19,2,stand_on_sixteen,False
1318,99500,12,0,stand_on_sixteen,False
1319,99450,20,0,stand_on_sixteen,False
1320,99550,20,1,stand_on_sixteen,True
1321,99550,20,0,stand_on_sixteen,True
1322,99550,19,0,stand_on_sixteen,True
1323,99600,21,0,stand_on_sixteen,True
1324,99600,15,1,stand_on_sixteen,False
1325,99600,18,0,stand_on_sixteen,False
1326,99550,14,0,stand_on_sixteen,False
1327,99700,20,0,stand_on_sixteen,True
1328,99750,21,0,stand_on_sixteen,True
1329,99700,20,1,stand_on_sixteen,False
1330,99650,16,0,stand_on_sixteen,False
1331,99600,17,0,stand_on_sixteen,False
1332,99500,17,1,stand_on_sixteen,False
1333,99550,19,0,stand_on_sixteen,True
1334,99500,14,0,stand_on_sixteen,False
1335,99650,20,0,stand_on_sixteen,True
1336,99600,19,0,stand_on_sixteen,False
1337,99600,20,1,stand_on_sixteen,True
1338,99550,19,0,stand_on_sixteen,False
1339,99600,19,0,stand_on_sixteen,True
1340,99550,18,0,stand_on_sixteen,False
1341,99500,17,0,stand_on_sixteen,False
1342,99450,17,1,stand_on_sixteen,False
1343,99550,21,0,stand_on_sixteen,True
1344,99550,17,1,stand_on_sixteen,False
1345,99650,20,0,stand_on_sixteen,False
1346,99550,20,1,stand_on_sixteen,False
1347,99550,21,2,stand_on_sixteen,False
1348,99750,19,0,stand_on_sixteen,True
1349,99900,20,1,stand_on_sixteen,True
1350,100000,20,0,stand_on_sixteen,True
1351,100250,20,2,stand_on_sixteen,True
1352,100300,21,0,stand_on_sixteen,True
1353,100250,19,0,stand_on_sixteen,False
1354,100300,19,0,stand_on_sixteen,True
1355,100250,18,0,stand_on_sixteen,False
1356,100450,18,1,stand_on_sixteen,False
1357,100450,20,0,stand_on_sixteen,False
1358,100450,15,1,stand_on_sixteen,False
1359,100500,19,0,stand_on_sixteen,True
1360,100450,15,1,stand_on_sixteen,False
1361,100400,13,0,stand_on_sixteen,False
1362,100350,15,0,stand_on_sixteen,False
1363,100350,16,1,stand_on_sixteen,False
1364,100300,19,0,stand_on_sixteen,False
1365,100350,20,0,stand_on_sixteen,True
1366,100250,19,1,stand_on_sixteen,False
1367,100250,17,1,stand_on_sixteen,False
1368,100200,18,0,stand_on_sixteen,False
1369,100150,18,2,stand_on_sixteen,False
1370,100200,20,0,stand_on_sixteen,False
1371,100100,14,1,stand_on_sixteen,False
1372,100100,20,0,stand_on_sixteen,True
1373,100000,17,2,stand_on_sixteen,False
1374,100050,18,0,stand_on_sixteen,False
1375,100000,19,1,stand_on_sixteen,False
1376,99950,18,0,stand_on_sixteen,False
1377,99850,16,1,stand_on_sixteen,False
1378,99900,16,0,stand_on_sixteen,False
1379,99800,14,0,stand_on_sixteen,False
1380,99800,20,0,stand_on_sixteen,False
1381,99850,21,2,stand_on_sixteen,True
1382,99900,16,1,stand_on_sixteen,False
1383,99850,13,0,stand_on_sixteen,False
1384,99900,19,2,stand_on_sixteen,False
1385,99900,20,1,stand_on_sixteen,False
1386,99850,17,1,stand_on_sixteen,False
1387,99850,19,1,stand_on_sixteen,False
1388,99750,12,0,stand_on_sixteen,False
1389,99750,15,0,stand_on_sixteen,False
1390,99700,17,1,stand_on_sixteen,False
1391,99650,12,0,stand_on_sixteen,False
1392,99700,21,2,stand_on_sixteen,True
1393,99700,13,0,stand_on_sixteen,False
1394,99800,21,1,stand_on_sixteen,True
1395,99750,17,1,stand_on_sixteen,False
1396,99800,19,1,stand_on_sixteen,True
1397,99750,17,1,stand_on_sixteen,False
1398,99700,18,0,stand_on_sixteen,False
1399,99700,21,1,stand_on_sixteen,False
1400,99700,20,0,stand_on_sixteen,False
1401,99850,21,1,stand_on_sixteen,True
1402,99800,16,0,stand_on_sixteen,False
1403,99750,18,0,stand_on_sixteen,False
1404,99700,19,2,stand_on_sixteen,False
1405,99700,17,1,stand_on_sixteen,False
1406,99750,20,0,stand_on_sixteen,True
1407,99750,13,0,stand_on_sixteen,False
1408,99800,19,1,stand_on_sixteen,True
1409,99750,19,0,stand_on_sixteen,False
1410,99700,17,1,stand_on_sixteen,False
1411,99650,12,0,stand_on_sixteen,False
1412,99700,19,1,stand_on_sixteen,True
1413,99750,20,0,stand_on_sixteen,True
1414,99650,18,0,stand_on_sixteen,False
1415,99600,15,0,stand_on_sixteen,False
1416,99550,19,3,stand_on_sixteen,False
1417,99650,21,1,stand_on_sixteen,True
1418,99550,19,0,stand_on_sixteen,False
1419,99600,19,0,stand_on_sixteen,True
1420,99650,19,1,stand_on_sixteen,True
1421,99600,16,0,stand_on_sixteen,False
1422,99500,16,1,stand_on_sixteen,False
1423,99400,15,0,stand_on_sixteen,False
1424,99500,15,0,stand_on_sixteen,False
1425,99550,20,3,stand_on_sixteen,True
1426,99500,16,0,stand_on_sixteen,False
1427,99400,12,1,stand_on_sixteen,False
1428,99300,16,2,stand_on_sixteen,False
1429,99300,19,1,stand_on_sixteen,False
1430,99450,18,0,stand_on_sixteen,False
1431,99400,17,1,stand_on_sixteen,False
1432,99500,21,0,stand_on_sixteen,True
1433,99600,18,0,stand_on_sixteen,False
1434,99550,17,0,stand_on_sixteen,False
1435,99600,20,2,stand_on_sixteen,True
1436,99700,21,2,stand_on_sixteen,True
1437,99700,18,1,stand_on_sixteen,False
1438,99750,19,2,stand_on_sixteen,False
1439,99750,20,0,stand_on_sixteen,False
1440,99700,18,1,stand_on_sixteen,False
1441,99750,20,1,stand_on_sixteen,True
1442,99800,19,1,stand_on_sixteen,False
1443,99750,16,0,stand_on_sixteen,False
1444,99900,17,1,stand_on_sixteen,False
1445,99850,18,2,stand_on_sixteen,False
1446,99800,13,0,stand_on_sixteen,False
1447,99750,15,0,stand_on_sixteen,False
1448,99700,17,2,stand_on_sixteen,False
1449,99650,19,0,stand_on_sixteen,False
1450,99650,20,1,stand_on_sixteen,False
1451,99600,12,0,stand_on_sixteen,False
1452,99550,17,1,stand_on_sixteen,False
1453,99550,20,0,stand_on_sixteen,False
1454,99550,17,2,stand_on_sixteen,False
1455,99550,20,0,stand_on_sixteen,False
1456,99500,19,1,stand_on_sixteen,False
1457,99550,19,1,stand_on_sixteen,True
1458,99600,15,0,stand_on_sixteen,False
1459,99650,20,0,stand_on_sixteen,True
1460,99700,18,0,stand_on_sixteen,False
1461,99650,17,0,stand_on_sixteen,False
1462,99750,19,0,stand_on_sixteen,True
1463,99800,18,1,stand_on_sixteen,True
1464,99850,21,0,stand_on_sixteen,True
1465,99800,18,0,stand_on_sixteen,False
1466,99850,20,0,stand_on_sixteen,True
1467,99900,20,0,stand_on_sixteen,False
1468,99950,16,1,stand_on_sixteen,False
1469,100000,20,0,stand_on_sixteen,True
1470,99900,17,1,stand_on_sixteen,False
1471,99950,18,2,stand_on_sixteen,True
1472,99850,17,1,stand_on_sixteen,False
1473,99850,19,0,stand_on_sixteen,False
1474,99800,12,1,stand_on_sixteen,False
1475,99850,19,0,stand_on_sixteen,True
1476,99800,18,0,stand_on_sixteen,False
1477,99900,16,1,stand_on_sixteen,False
1478,99900,20,0,stand_on_sixteen,False
1479,99950,18,2,stand_on_sixteen,False
1480,99850,15,1,stand_on_sixteen,False
1481,99700,18,2,stand_on_sixteen,False
1482,99700,20,0,stand_on_sixteen,True
1483,99750,21,0,stand_on_sixteen,True
1484,99750,18,3,stand_on_sixteen,False
1485,99700,13,0,stand_on_sixteen,False
1486,99650,17,0,stand_on_sixteen,False
1487,99600,13,0,stand_on_sixteen,False
1488,99550,17,1,stand_on_sixteen,False
1489,99600,21,1,stand_on_sixteen,True
1490,99550,18,0,stand_on_sixteen,False
1491,99600,17,0,stand_on_sixteen,False
1492,99550,14,0,stand_on_sixteen,False
1493,99450,17,1,stand_on_sixteen,False
1494,99400,18,1,stand_on_sixteen,False
1495,99350,16,1,stand_on_sixteen,False
1496,99450,20,0,stand_on_sixteen,True
1497,99500,19,0,stand_on_sixteen,True
1498,99450,13,0,stand_on_sixteen,False
1499,99350,12,0,stand_on_sixteen,False
1500,99300,21,0,stand_on_sixteen,True
1501,99250,13,2,stand_on_sixteen,False
1502,99300,19,0,stand_on_sixteen,True
1503,99200,17,1,stand_on_sixteen,False
1504,99250,21,1,stand_on_sixteen,True
1505,99200,19,0,stand_on_sixteen,False
1506,99150,16,1,stand_on_sixteen,False
1507,99200,16,0,stand_on_sixteen,False
1508,99150,18,2,stand_on_sixteen,False
1509,99100,17,2,stand_on_sixteen,False
1510,99000,16,1,stand_on_sixteen,False
1511,98950,15,0,stand_on_sixteen,False
1512,98950,20,2,stand_on_sixteen,False
1513,99000,20,0,stand_on_sixteen,True
1514,98950,16,0,stand_on_sixteen,False
1515,98900,19,2,stand_on_sixteen,False
1516,98950,20,0,stand_on_sixteen,True
1517,98900,13,0,stand_on_sixteen,False
1518,98850,18,1,stand_on_sixteen,False
1519,98850,19,0,stand_on_sixteen,False
1520,98900,21,0,stand_on_sixteen,True
1521,98850,16,2,stand_on_sixteen,False
1522,98800,19,0,stand_on_sixteen,False
1523,98800,20,2,stand_on_sixteen,False
1524,98800,17,0,stand_on_sixteen,False
1525,98900,19,2,stand_on_sixteen,True
1526,99000,16,2,stand_on_sixteen,False
1527,98950,15,0,stand_on_sixteen,False
1528,99000,20,0,stand_on_sixteen,True
1529,98850,18,0,stand_on_sixteen,False
1530,98750,17,0,stand_on_sixteen,False
1531,98750,20,0,stand_on_sixteen,False
1532,98750,14,0,stand_on_sixteen,False
1533,98700,17,1,stand_on_sixteen,False
1534,98750,21,0,stand_on_sixteen,True
1535,98750,16,0,stand_on_sixteen,False
1536,98700,19,3,stand_on_sixteen,False
1537,98650,17,1,stand_on_sixteen,False
1538,98650,21,1,stand_on_sixteen,False
1539,98600,20,0,stand_on_sixteen,False
1540,98550,19,3,stand_on_sixteen,False
1541,98550,19,0,stand_on_sixteen,False
1542,98500,19,0,stand_on_sixteen,False
1543,98550,21,1,stand_on_sixteen,True
1544,98500,18,0,stand_on_sixteen,False
1545,98450,20,2,stand_on_sixteen,False
1546,98450,16,0,stand_on_sixteen,False
1547,98450,20,0,stand_on_sixteen,True
1548,98650,19,0,stand_on_sixteen,True
1549,98750,20,1,stand_on_sixteen,True
1550,98750,21,3,stand_on_sixteen,True
1551,98800,20,0,stand_on_sixteen,True
1552,98650,16,0,stand_on_sixteen,False
1553,98550,19,0,stand_on_sixteen,False
1554,98650,18,2,stand_on_sixteen,False
1555,98650,17,1,stand_on_sixteen,False
1556,98600,20,2,stand_on_sixteen,False
1557,98550,17,2,stand_on_sixteen,False
1558,98450,19,0,stand_on_sixteen,False
1559,98500,18,0,stand_on_sixteen,True
1560,98600,20,0,stand_on_sixteen,True
1561,98650,19,0,stand_on_sixteen,False
1562,98700,20,1,stand_on_sixteen,True
1563,98750,20,0,stand_on_sixteen,False
1564,98700,19,0,stand_on_sixteen,False
1565,98750,16,0,stand_on_sixteen,False
1566,98800,20,0,stand_on_sixteen,True
1567,98750,14,0,stand_on_sixteen,False
1568,98700,18,0,stand_on_sixteen,False
1569,98750,19,0,stand_on_sixteen,False
1570,98850,16,0,stand_on_sixteen,False
1571,98800,16,0,stand_on_sixteen,False
1572,98750,17,1,stand_on_sixteen,False
1573,98800,19,2,stand_on_sixteen,True
1574,99000,17,1,stand_on_sixteen,False
1575,99100,15,0,stand_on_sixteen,False
1576,99100,21,0,stand_on_sixteen,False
1577,99150,20,0,stand_on_sixteen,True
1578,99100,14,1,stand_on_sixteen,False
1579,99150,20,0,stand_on_sixteen,True
1580,99150,18,1,stand_on_sixteen,False
1581,99150,20,0,stand_on_sixteen,False
1582,99200,16,0,stand_on_sixteen,False
1583,99200,15,1,stand_on_sixteen,False
1584,99150,13,0,stand_on_sixteen,False
1585,99100,13,0,stand_on_sixteen,False
1586,99150,21,1,stand_on_sixteen,True
1587,99200,19,1,stand_on_sixteen,True
1588,99300,20,3,stand_on_sixteen,True
1589,99250,19,0,stand_on_sixteen,False
1590,99300,18,1,stand_on_sixteen,True
1591,99200,16,1,stand_on_sixteen,False
1592,99150,13,0,stand_on_sixteen,False
1593,99100,16,0,stand_on_sixteen,False
1594,99050,18,1,stand_on_sixteen,False
1595,99100,19,2,stand_on_sixteen,True
1596,99150,20,1,stand_on_sixteen,True
1597,99100,16,1,stand_on_sixteen,False
1598,99050,13,0,stand_on_sixteen,False
1599,99000,18,1,stand_on_sixteen,False
1600,99050,19,1,stand_on_sixteen,True
1601,99100,19,1,stand_on_sixteen,False
1602,99200,17,1,stand_on_sixteen,False
1603,99100,15,0,stand_on_sixteen,False
1604,99100,21,1,stand_on_sixteen,False
1605,99250,20,1,stand_on_sixteen,True
1606,99200,19,2,stand_on_sixteen,True
1607,99050,20,0,stand_on_sixteen,False
1608,99000,18,0,stand_on_sixteen,False
1609,99100,21,0,stand_on_sixteen,False
1610,99150,20,2,stand_on_sixteen,True
1611,99300,18,0,stand_on_sixteen,True
1612,99200,15,1,stand_on_sixteen,False
1613,99250,21,0,stand_on_sixteen,True
1614,99200,13,0,stand_on_sixteen,False
1615,99200,12,0,stand_on_sixteen,False
1616,99250,20,0,stand_on_sixteen,True
1617,99200,19,0,stand_on_sixteen,False
1618,99250,20,0,stand_on_sixteen,False
1619,99200,13,0,stand_on_sixteen,False
1620,99150,17,0,stand_on_sixteen,False
1621,99150,17,0,stand_on_sixteen,False
1622,99250,21,1,stand_on_sixteen,True
1623,99200,12,0,stand_on_sixteen,False
1624,99250,20,1,stand_on_sixteen,True
1625,99200,18,0,stand_on_sixteen,False
1626,99250,20,1,stand_on_sixteen,True
1627,99300,21,0,stand_on_sixteen,True
1628,99250,18,0,stand_on_sixteen,False
1629,99250,19,0,stand_on_sixteen,False
1630,99500,19,1,stand_on_sixteen,True
1631,99550,20,0,stand_on_sixteen,True
1632,99500,18,0,stand_on_sixteen,False
1633,99550,21,1,stand_on_sixteen,True
1634,99550,18,2,stand_on_sixteen,True
1635,99500,18,1,stand_on_sixteen,False
1636,99500,15,0,stand_on_sixteen,False
1637,99450,17,1,stand_on_sixteen,False
1638,99350,16,0,stand_on_sixteen,False
1639,99450,18,1,stand_on_sixteen,True
1640,99400,13,0,stand_on_sixteen,False
1641,99300,12,1,stand_on_sixteen,False
1642,99300,19,0,stand_on_sixteen,False
1643,99300,21,2,stand_on_sixteen,False
1644,99350,20,0,stand_on_sixteen,True
1645,99350,19,1,stand_on_sixteen,False
1646,99400,18,0,stand_on_sixteen,True
1647,99550,21,0,stand_on_sixteen,True
1648,99450,15,2,stand_on_sixteen,False
1649,99350,19,0,stand_on_sixteen,False
1650,99350,21,1,stand_on_sixteen,False
1651,99350,15,0,stand_on_sixteen,False
1652,99300,17,1,stand_on_sixteen,False
1653,99250,18,0,stand_on_sixteen,False
1654,99250,21,2,stand_on_sixteen,False
1655,99300,21,2,stand_on_sixteen,True
1656,99200,14,1,stand_on_sixteen,False
1657,99300,19,1,stand_on_sixteen,True
1658,99350,18,1,stand_on_sixteen,False
1659,99400,17,1,stand_on_sixteen,False
1660,99400,20,0,stand_on_sixteen,False
1661,99400,19,0,stand_on_sixteen,False
1662,99500,21,2,stand_on_sixteen,True
1663,99550,20,0,stand_on_sixteen,True
1664,99600,21,1,stand_on_sixteen,True
1665,99700,12,0,stand_on_sixteen,False
1666,99650,16,1,stand_on_sixteen,False
1667,99700,20,0,stand_on_sixteen,False
1668,99650,13,0,stand_on_sixteen,False
1669,99650,16,1,stand_on_sixteen,False
1670,99600,19,0,stand_on_sixteen,False
1671,99500,14,0,stand_on_sixteen,False
1672,99450,16,2,stand_on_sixteen,False
1673,99400,17,0,stand_on_sixteen,False
1674,99350,20,0,stand_on_sixteen,False
1675,99350,21,2,stand_on_sixteen,True
1676,99350,18,1,stand_on_sixteen,False
1677,99500,21,0,stand_on_sixteen,True
1678,99550,21,1,stand_on_sixteen,True
1679,99550,19,0,stand_on_sixteen,False
1680,99600,19,0,stand_on_sixteen,True
1681,99550,15,1,stand_on_sixteen,False
1682,99650,18,1,stand_on_sixteen,True
1683,99600,16,0,stand_on_sixteen,False
1684,99550,19,0,stand_on_sixteen,False
1685,99600,17,0,stand_on_sixteen,False
1686,99550,19,0,stand_on_sixteen,False
1687,99450,16,1,stand_on_sixteen,False
1688,99400,19,0,stand_on_sixteen,False
1689,99500,21,1,stand_on_sixteen,True
1690,99550,18,2,stand_on_sixteen,False
1691,99500,16,1,stand_on_sixteen,False
1692,99450,19,1,stand_on_sixteen,False
1693,99550,19,0,stand_on_sixteen,True
1694,99500,18,0,stand_on_sixteen,False
1695,99500,20,0,stand_on_sixteen,False
1696,99600,21,1,stand_on_sixteen,True
1697,99550,15,0,stand_on_sixteen,False
1698,99700,20,1,stand_on_sixteen,True
1699,99650,20,0,stand_on_sixteen,False
1700,99600,16,0,stand_on_sixteen,False
1701,99550,18,1,stand_on_sixteen,False
1702,99500,18,2,stand_on_sixteen,False
1703,99350,16,1,stand_on_sixteen,False
1704,99250,18,1,stand_on_sixteen,False
1705,99200,19,0,stand_on_sixteen,False
1706,99250,20,0,stand_on_sixteen,True
1707,99400,21,1,stand_on_sixteen,True
1708,99350,16,3,stand_on_sixteen,False
1709,99300,18,0,stand_on_sixteen,False
1710,99250,17,0,stand_on_sixteen,False
1711,99350,18,1,stand_on_sixteen,True
1712,99500,20,1,stand_on_sixteen,True
1713,99500,19,2,stand_on_sixteen,False
